{
    "version": "0.1.1",
    "build_date": "2025-11-21",
    "changelog": [
        {
            "version": "0.1.1",
            "date": "2025-11-21",
            "changes": [
                "Added Settings Page with Version Info and Changelog",
                "Added Auto-Update Check",
                "Fixed Light Mode UI issues"
            ]
        },
        {
            "version": "0.1.0",
            "date": "2025-11-21",
            "changes": [
                "Initial Alpha Release",
                "Implemented Recurring Tasks (Daily, Weekly, Monthly)",
                "Added Run Now button",
                "Added Windows Shortcut (.lnk) support",
                "Fluent Design UI with Theme Switching"
            ]
        }
    ]
}